<?xml version="1.0"?>
<!---->
<mobileconfiguration><pingnotification pingperiod="30"/><alarmnotification enable="true" refreshperiod="30" minlevel="0" maxlevel="29" maxelement="20" prioritysystem="ALL" allowfiltering="true"><eventcodes><eventcode>AlarmOnNotAck</eventcode></eventcodes></alarmnotification><alarmlist refreshperiod="5" minlevel="0" maxlevel="29" maxelement="50" prioritysystem="ALL" allowfiltering="true"><eventcodes><eventcode>AlarmOnNotAck</eventcode><eventcode>AlarmOnAck</eventcode></eventcodes></alarmlist><watchlist refreshperiod="5"/><variables><bit><properties><property>TextAttr01</property><property>TextAttr02</property></properties><details/></bit><register><properties><property>TextAttr01</property><property>TextAttr02</property><property>MinValue</property><property>MaxValue</property></properties><details/></register><alarm><properties><property>TextAttr01</property><property>TextAttr02</property></properties><details/></alarm><text><properties><property>TextAttr01</property><property>TextAttr02</property></properties><details/></text><log><properties><property>TextAttr01</property><property>TextAttr02</property><property>Description</property></properties><details/></log></variables><loglists/></mobileconfiguration>
